<?xml version="1.0" encoding="UTF-8"?>
<beans xmlns="http://www.springframework.org/schema/beans"
	xmlns:xsi="http://www.w3.org/2001/XMLSchema-instance"
	xsi:schemaLocation="http://www.springframework.org/schema/beans http://www.springframework.org/schema/beans/spring-beans.xsd">

	<bean id="dataSource"
		class="org.springframework.jdbc.datasource.DriverManagerDataSource">
		<property name="username" value="toss" />
		<property name="password" value="34567890" />
		<property name="url"
			value="jdbc:mariadb://wisejia.iptime.org:3306/toss" />
		<property name="driverClassName"
			value="org.mariadb.jdbc.Driver" />
	</bean>

	<bean id="sqlSessionFactoryBean"
		class="org.mybatis.spring.SqlSessionFactoryBean">
		<property name="dataSource" ref="dataSource" />
		<property name="mapperLocations"
			value="classpath:/mybatis/mappers/*-mapper.xml" />
		<property name="configLocation"
			value="classpath:/mybatis/config/mybatisConfig.xml" />
	</bean>

	<bean id="sqlSession"
		class="org.mybatis.spring.SqlSessionTemplate">
		<constructor-arg name="sqlSessionFactory"
			ref="sqlSessionFactoryBean" />
	</bean>

</beans>